{"cameraMode":{"drawMode":0,"name":"Shaded","section":"Shading Mode"},"sceneLighting":true,"audioPlay":false,"sceneViewState":{"showFog":true,"showMaterialUpdate":false,"showSkybox":false,"showFlares":true,"showImageEffects":true,"showParticleSystems":true},"in2DMode":false,"pivot":{"x":66.15018463134766,"y":-259.08123779296877,"z":512.5836791992188},"rotation":{"x":-0.07423923909664154,"y":0.9169440269470215,"z":-0.20293867588043214,"w":-0.33543726801872256},"size":1943.789794921875,"orthographic":false}